Datum;Beginntum;Endetum;Kategorien
4.1.2016;09:00:00;10:00:00;S-B - intern (901106)
4.1.2016;10:00:00;12:00:00;ISO Zertifizierung smO (2990191)
5.1.2016;09:00:00;10:30:00;ISO Zertifizierung smO (2990191)
5.1.2016;10:30:00;12:00:00;S-B - intern (901106)
6.1.2016;09:20:00;09:45:00;S-B - intern (901106)
6.1.2016;09:45:00;11:35:00;S-B - intern (901106)
6.1.2016;13:30:00;15:30:00;ISO Zertifizierung smO (2990191)
7.1.2016;09:50:00;10:10:00;S-B - intern (901106)
7.1.2016;10:10:00;12:00:00;ISO Zertifizierung smO (2990191),ISO Zertifizierung SWO Netz (2910667)
7.1.2016;12:00:00;12:40:00;S-B - intern (901106)
8.1.2016;09:30:00;10:00:00;S-B - intern (901106)
8.1.2016;10:00:00;11:30:00;ISO Zertifizierung SWO Netz (2910667)
11.1.2016;07:15:00;07:30:00;S-B - intern (901106)
11.1.2016;07:30:00;08:30:00;ISO Zertifizierung SWO Netz (2910667)
11.1.2016;08:30:00;10:30:00;ISO Zertifizierung SWO Netz (2910667)
11.1.2016;10:30:00;11:00:00;ISO Zertifizierung SWO Netz (2910667)
11.1.2016;11:00:00;11:30:00;ISO Zertifizierung SWO Netz (2910667)
11.1.2016;11:30:00;11:55:00;E - intern (901107)
12.1.2016;10:00:00;10:25:00;S-B - intern (901106)
12.1.2016;10:25:00;11:30:00;E - MPM (2900041)
12.1.2016;11:30:00;11:45:00;ISO Zertifizierung SWO Netz (2910667)
12.1.2016;11:45:00;12:15:00;E - MPM (2900041)
13.1.2016;09:30:00;10:00:00;S-B - intern (901106)
13.1.2016;10:00:00;11:45:00;E - MPM (2900041)
13.1.2016;12:30:00;12:45:00;S-B - intern (901106)
13.1.2016;12:45:00;14:00:00;ISO Zertifizierung SWO Netz (2910667)
13.1.2016;14:00:00;15:45:00;ISO Zertifizierung SWO Netz (2910667)
13.1.2016;15:45:00;16:00:00;ISO Zertifizierung SWO Netz (2910667)
14.1.2016;09:20:00;09:50:00;S-B - intern (901106)
14.1.2016;09:50:00;10:40:00;E - MPM (2900041)
14.1.2016;10:40:00;12:00:00;ISO Zertifizierung SWO Netz (2910667)
15.1.2016;09:30:00;10:00:00;S-B - intern (901106)
15.1.2016;10:30:00;11:00:00;S-B - intern (901106)
15.1.2016;10:00:00;10:30:00;E - MPM (2900041)
15.1.2016;11:00:00;12:00:00;E - MPM (2900041)
18.1.2016;09:10:00;09:40:00;S-B - intern (901106)
18.1.2016;10:00:00;13:40:00;E - MPM (2900041)
18.1.2016;09:40:00;10:00:00;ISO Zertifizierung SWO Netz (2910667)
19.1.2016;09:00:00;09:30:00;S-B - intern (901106)
19.1.2016;09:30:00;12:42:00;E - MPM (2900041)
20.1.2016;08:30:00;09:00:00;S-B - intern (901106)
20.1.2016;09:00:00;09:50:00;S-B - intern (901106)
20.1.2016;09:50:00;11:50:00;E - MPM (2900041)
20.1.2016;11:50:00;12:15:00;S-B - intern (901106)
25.1.2016;09:00:00;09:30:00;S-B - intern (901106)
25.1.2016;09:30:00;09:50:00;S-B - intern (901106)
25.1.2016;09:50:00;12:15:00;ISO Zertifizierung SWO Netz (2910667)
27.1.2016;07:30:00;09:00:00;S-B - intern (901106)
27.1.2016;09:00:00;10:00:00;ISO Zertifizierung SWO Netz (2910667)
27.1.2016;10:00:00;11:30:00;ISO Zertifizierung smO (2990191)
27.1.2016;11:30:00;12:00:00;ISO Zertifizierung SWO Netz (2910667)
27.1.2016;16:00:00;16:30:00;ISO Zertifizierung SWO Netz (2910667)
27.1.2016;16:30:00;18:45:00;E - MPM (2900041)
28.1.2016;07:30:00;12:00:00;E - MPM (2900041)
2.2.2016;09:00:00;12:00:00;ISO Zertifizierung SWO Netz (2910667)
2.2.2016;08:50:00;09:00:00;S-B - intern (901106)
2.2.2016;12:00:00;12:10:00;S-B - intern (901106)
3.2.2016;09:00:00;09:20:00;S-B - intern (901106)
3.2.2016;10:00:00;10:15:00;ISO Zertifizierung SWO Netz (2910667)
3.2.2016;09:20:00;10:00:00;ISO Zertifizierung smO (2990191)
3.2.2016;10:15:00;11:00:00;ISO Zertifizierung smO (2990191)
3.2.2016;11:00:00;12:10:00;ISO Zertifizierung SWO Netz (2910667)
3.2.2016;14:10:00;15:10:00;ISO Zertifizierung SWO Netz (2910667)
3.2.2016;13:10:00;14:10:00;ISO Zertifizierung smO (2990191)
3.2.2016;15:10:00;17:05:00;ISO Zertifizierung smO (2990191)
5.2.2016;09:10:00;09:30:00;S-B - intern (901106)
5.2.2016;09:30:00;12:05:00;E - MPM (2900041)
5.2.2016;12:05:00;12:10:00;S-B - intern (901106)
8.2.2016;08:00:00;08:30:00;S-B - intern (901106)
8.2.2016;08:30:00;09:00:00;ISO Zertifizierung SWO Netz (2910667)
8.2.2016;09:00:00;12:30:00;E - MPM (2900041)
10.2.2016;09:30:00;09:45:00;S-B - intern (901106)
10.2.2016;09:45:00;11:30:00;ISO Zertifizierung smO (2990191)
10.2.2016;12:15:00;14:35:00;ISO Zertifizierung smO (2990191)
12.2.2016;09:00:00;09:15:00;S-B - intern (901106)
12.2.2016;13:30:00;15:15:00;ISO Zertifizierung smO (2990191)
12.2.2016;09:15:00;09:35:00;ISO Zertifizierung smO (2990191)
12.2.2016;09:35:00;11:30:00;Noch nicht zugeordnet
12.2.2016;11:30:00;12:10:00;ISO Zertifizierung smO (2990191)
12.2.2016;13:00:00;13:30:00;ISO Zertifizierung smO (2990191)
12.2.2016;15:15:00;15:30:00;ISO Zertifizierung smO (2990191)
15.2.2016;09:50:00;10:10:00;S-B - intern (901106)
15.2.2016;10:10:00;11:55:00;E - MPM (2900041)
16.2.2016;08:55:00;09:05:00;S-B - intern (901106)
16.2.2016;09:05:00;09:55:00;E - MPM (2900041)
16.2.2016;10:40:00;12:10:00;E - MPM (2900041)
17.2.2016;09:10:00;09:30:00;S-B - intern (901106)
17.2.2016;09:30:00;10:00:00;E - MPM (2900041)
17.2.2016;10:00:00;11:30:00;ISO Zertifizierung smO (2990191)
17.2.2016;11:30:00;12:30:00;E - MPM (2900041)
17.2.2016;12:30:00;13:15:00;S-B - intern (901106)
17.2.2016;13:15:00;13:30:00;ISO Zertifizierung smO (2990191)
17.2.2016;13:15:00;15:00:00;E - MPM (2900041)
18.2.2016;10:00:00;10:10:00;S-B - intern (901106)
18.2.2016;10:10:00;12:10:00;E - MPM (2900041)
18.2.2016;13:40:00;14:40:00;E - MPM (2900041)
19.2.2016;09:30:00;10:00:00;S-B - intern (901106)
19.2.2016;10:00:00;12:20:00;E - MPM (2900041)
22.2.2016;09:10:00;09:20:00;S-B - intern (901106)
22.2.2016;09:20:00;14:40:00;E - MPM (2900041)
23.2.2016;09:00:00;09:10:00;S-B - intern (901106)
23.2.2016;09:10:00;10:00:00;ISO Zertifizierung smO (2990191)
23.2.2016;11:00:00;12:10:00;ISO Zertifizierung smO (2990191)
23.2.2016;13:30:00;14:45:00;ISO Zertifizierung smO (2990191)
25.2.2016;09:00:00;11:35:00;ISO Zertifizierung smO (2990191)
25.2.2016;11:35:00;12:25:00;E - MPM (2900041)
29.2.2016;07:55:00;08:30:00;S-B - intern (901106)
2.3.2016;10:00:00;11:00:00;ISO Zertifizierung smO (2990191)
29.2.2016;08:30:00;10:00:00;E - intern (901107)
29.2.2016;10:00:00;11:30:00;E - MPM (2900041)
29.2.2016;11:30:00;12:00:00;E - intern (901107)
29.2.2016;12:00:00;12:20:00;S-B - intern (901106)
1.3.2016;08:05:00;08:35:00;S-B - intern (901106)
1.3.2016;08:35:00;08:50:00;ISO Zertifizierung smO (2990191)
1.3.2016;08:50:00;11:20:00;S-B - intern (901106)
1.3.2016;11:20:00;11:50:00;E - MPM (2900041)
1.3.2016;11:50:00;12:10:00;S-B - intern (901106)
2.3.2016;09:00:00;09:10:00;S-B - intern (901106)
2.3.2016;09:10:00;10:00:00;ISO Zertifizierung smO (2990191)
2.3.2016;11:00:00;12:30:00;ISO Zertifizierung smO (2990191)
3.3.2016;08:45:00;09:00:00;S-B - intern (901106)
4.3.2016;14:00:00;16:00:00;ISO Zertifizierung smO (2990191)
3.3.2016;09:00:00;09:30:00;S-B - intern (901106)
3.3.2016;09:30:00;11:30:00;S-B - intern (901106)
3.3.2016;11:30:00;12:30:00;S-B - intern (901106)
3.3.2016;12:30:00;13:30:00;E - MPM (2900041)
4.3.2016;09:15:00;09:35:00;S-B - intern (901106)
4.3.2016;09:35:00;12:25:00;S-B - intern (901106)
7.3.2016;09:00:00;09:15:00;S-B - intern (901106)
7.3.2016;09:15:00;13:30:00;S-B - intern (901106)
9.3.2016;12:50:00;13:05:00;S-B - intern (901106)
9.3.2016;13:05:00;16:30:00;ISO Zertifizierung smO (2990191)
10.3.2016;09:00:00;09:15:00;S-B - intern (901106)
10.3.2016;09:15:00;11:25:00;ISO Zertifizierung smO (2990191)
10.3.2016;11:25:00;11:50:00;ISO Zertifizierung smO (2990191)
10.3.2016;11:50:00;12:00:00;S-B - intern (901106)
10.3.2016;12:00:00;12:45:00;ISO Zertifizierung smO (2990191)
11.3.2016;10:00:00;10:50:00;ISO Zertifizierung smO (2990191)
11.3.2016;10:50:00;11:15:00;S-B - intern (901106)
11.3.2016;11:15:00;11:30:00;ISO Zertifizierung smO (2990191)
11.3.2016;11:30:00;13:20:00;ISO Zertifizierung smO (2990191)
11.3.2016;13:20:00;13:50:00;E - intern (901107)
11.3.2016;13:50:00;14:00:00;S-B - intern (901106)
14.3.2016;08:20:00;08:40:00;S-B - intern (901106)
14.3.2016;08:40:00;09:00:00;S-B - intern (901106)
14.3.2016;09:00:00;10:30:00;ISO Zertifizierung smO (2990191)
14.3.2016;10:30:00;10:50:00;S-B - intern (901106)
14.3.2016;10:50:00;12:40:00;ISO Zertifizierung smO (2990191)
15.3.2016;08:50:00;09:00:00;S-B - intern (901106)
15.3.2016;09:00:00;11:00:00;ISO Zertifizierung smO (2990191)
16.3.2016;08:40:00;09:00:00;S-B - intern (901106)
16.3.2016;09:00:00;12:30:00;ISO Zertifizierung smO (2990191)
16.3.2016;12:30:00;13:30:00;S-B - intern (901106)
16.3.2016;13:30:00;14:50:00;S-B - intern (901106),ISO Zertifizierung smO (2990191)
16.3.2016;15:30:00;16:30:00;S-B - intern (901106)
17.3.2016;08:45:00;08:55:00;S-B - intern (901106)
17.3.2016;08:55:00;09:05:00;ISO Zertifizierung smO (2990191)
17.3.2016;09:05:00;09:55:00;Noch nicht zugeordnet
17.3.2016;09:55:00;11:50:00;ISO Zertifizierung smO (2990191)
18.3.2016;08:15:00;08:45:00;S-B - intern (901106)
18.3.2016;08:45:00;09:15:00;ISO Zertifizierung smO (2990191)
18.3.2016;09:15:00;10:05:00;S-B - intern (901106)
18.3.2016;10:10:00;11:30:00;S-B - intern (901106)
18.3.2016;12:00:00;14:00:00;ISO Zertifizierung smO (2990191)
21.3.2016;08:15:00;08:45:00;S-B - intern (901106)
22.3.2016;09:00:00;09:45:00;ISO Zertifizierung smO (2990191)
21.3.2016;08:45:00;11:45:00;ISO Zertifizierung smO (2990191)
21.3.2016;16:20:00;17:00:00;ISO Zertifizierung smO (2990191)
21.3.2016;15:00:00;16:20:00;S-B - intern (901106)
22.3.2016;13:45:00;14:00:00;S-B - intern (901106)
22.3.2016;08:30:00;08:40:00;S-B - intern (901106)
22.3.2016;08:40:00;09:00:00;S-B - intern (901106)
22.3.2016;12:30:00;13:00:00;E - MPM (2900041)
22.3.2016;09:45:00;11:00:00;S-B - intern (901106)
22.3.2016;11:00:00;11:30:00;ISO Zertifizierung smO (2990191)
22.3.2016;13:00:00;13:45:00;S-B - intern (901106)
22.3.2016;14:00:00;14:40:00;E - MPM (2900041)
29.3.2016;12:30:00;13:30:00;S-B - intern (901106)
23.3.2016;08:35:00;08:45:00;S-B - intern (901106)
23.3.2016;08:45:00;10:30:00;E - MPM (2900041)
24.3.2016;08:35:00;10:35:00;S-B - intern (901106)
24.3.2016;10:35:00;12:35:00;E - MPM (2900041)
29.3.2016;09:50:00;10:30:00;S-B - intern (901106)
30.3.2016;08:40:00;09:00:00;S-B - intern (901106)
30.3.2016;09:00:00;09:20:00;ISO Zertifizierung smO (2990191)
30.3.2016;09:20:00;09:30:00;S-B - intern (901106)
5.4.2016;10:00:00;11:15:00;ISO Zertifizierung smO (2990191)
30.3.2016;09:30:00;10:15:00;E - MPM (2900041)
30.3.2016;10:15:00;11:30:00;ISO Zertifizierung smO (2990191)
31.3.2016;10:00:00;10:45:00;S-B - intern (901106)
31.3.2016;09:30:00;10:00:00;S-B - intern (901106)
1.4.2016;10:00:00;10:30:00;S-B - intern (901106)
1.4.2016;10:30:00;11:30:00;ISO Zertifizierung SWO Netz (2910667)
31.3.2016;10:45:00;12:00:00;E - MPM (2900041)
1.4.2016;09:30:00;10:00:00;S-B - intern (901106)
1.4.2016;12:30:00;13:00:00;S-B - intern (901106)
1.4.2016;13:00:00;14:00:00;E - MPM (2900041)
1.4.2016;14:00:00;14:15:00;E - MPM (2900041)
1.4.2016;14:15:00;16:15:00;E - MPM (2900041)
4.4.2016;07:40:00;11:00:00;E - MPM (2900041)
4.4.2016;11:00:00;11:15:00;E - smartTT
5.4.2016;09:00:00;09:30:00;ISO Zertifizierung SWO Netz (2910667)
4.4.2016;11:15:00;11:30:00;ISO Zertifizierung smO (2990191)
4.4.2016;13:30:00;14:15:00;ISO Zertifizierung SWO Netz (2910667)
4.4.2016;15:00:00;16:30:00;E - intern (901107)
4.4.2016;16:30:00;17:00:00;E - smartTT
6.4.2016;08:30:00;09:30:00;S-B - intern (901106)
7.4.2016;10:00:00;10:30:00;ISO Zertifizierung SWO Netz (2910667)
5.4.2016;09:30:00;10:00:00;ISO Zertifizierung SWO Netz (2910667)
8.4.2016;14:30:00;15:00:00;E - MPM (2900041)
6.4.2016;08:00:00;08:30:00;ISO Zertifizierung smO (2990191)
12.4.2016;13:30:00;16:00:00;S-B - intern (901106)
6.4.2016;09:30:00;11:45:00;ISO Zertifizierung smO (2990191)
6.4.2016;11:45:00;12:15:00;ISO Zertifizierung SWO Netz (2910667)
6.4.2016;12:30:00;16:00:00;ISO Zertifizierung smO (2990191)
7.4.2016;10:30:00;11:30:00;S-B - intern (901106)
6.4.2016;16:00:00;16:15:00;ISO Zertifizierung SWO Netz (2910667)
7.4.2016;08:30:00;09:00:00;S-B - intern (901106)
7.4.2016;09:00:00;09:45:00;ISO Zertifizierung SWO Netz (2910667)
7.4.2016;12:00:00;12:30:00;ISO Zertifizierung smO (2990191)
7.4.2016;13:00:00;16:00:00;S-B - intern (901106)
8.4.2016;08:50:00;11:30:00;S-B - intern (901106)
18.4.2016;13:30:00;14:30:00;S-B - intern (901106)
8.4.2016;12:30:00;14:30:00;S-B - intern (901106)
8.4.2016;15:00:00;15:15:00;S-B - intern (901106)
11.4.2016;08:00:00;11:30:00;E - MPM (2900041)
11.4.2016;12:30:00;13:00:00;S-B - intern (901106)
11.4.2016;13:00:00;14:00:00;ISO Zertifizierung smO (2990191)
11.4.2016;14:00:00;15:00:00;E - MPM (2900041)
11.4.2016;15:00:00;16:00:00;S-B - smartTT2.0 (901106)
11.4.2016;16:00:00;16:30:00;ISO Zertifizierung smO (2990191)
11.4.2016;16:30:00;17:00:00;S-B - smartTT2.0 (901106)
12.4.2016;08:00:00;08:30:00;S-B - intern (901106)
12.4.2016;08:30:00;09:00:00;S-B - intern (901106)
12.4.2016;09:30:00;11:00:00;ISO Zertifizierung smO (2990191)
12.4.2016;12:15:00;12:45:00;ISO Zertifizierung smO (2990191)
12.4.2016;11:00:00;11:30:00;E - smartTT
12.4.2016;12:45:00;13:30:00;S-B - smartTT2.0 (901106)
13.4.2016;08:00:00;11:00:00;S-B - intern (901106)
13.4.2016;11:00:00;11:30:00;ISO Zertifizierung smO (2990191)
13.4.2016;12:30:00;15:00:00;S-B - intern (901106)
13.4.2016;15:00:00;16:00:00;ISO Zertifizierung smO (2990191)
13.4.2016;16:00:00;17:00:00;S-B - intern (901106)
13.4.2016;17:00:00;17:30:00;ISO Zertifizierung smO (2990191)
14.4.2016;08:00:00;08:30:00;S-B - intern (901106)
14.4.2016;08:30:00;09:40:00;ISO Zertifizierung smO (2990191)
14.4.2016;09:40:00;10:00:00;S-B - intern (901106)
14.4.2016;10:00:00;11:20:00;ISO Zertifizierung smO (2990191)
14.4.2016;13:30:00;14:00:00;ISO Zertifizierung smO (2990191)
14.4.2016;14:00:00;15:00:00;ISO Zertifizierung smO (2990191)
14.4.2016;15:00:00;16:15:00;S-B - smartTT2.0 (901106)
14.4.2016;16:15:00;17:00:00;S-B - smartTT2.0 (901106)
15.4.2016;08:30:00;11:30:00;S-B - smartTT2.0 (901106)
15.4.2016;11:30:00;12:30:00;S-B - intern (901106)
15.4.2016;12:30:00;15:15:00;S-B - smartTT2.0 (901106)
18.4.2016;08:20:00;08:35:00;S-B - intern (901106)
18.4.2016;08:35:00;09:50:00;S-B - intern (901106)
18.4.2016;09:50:00;10:30:00;ISO Zertifizierung smO (2990191)
18.4.2016;14:30:00;15:00:00;ISO Zertifizierung smO (2990191)
18.4.2016;10:30:00;11:15:00;ISO Zertifizierung SWO Netz (2910667)
18.4.2016;11:15:00;11:30:00;Noch nicht zugeordnet
18.4.2016;12:30:00;13:30:00;S-B - intern (901106)
18.4.2016;15:00:00;16:00:00;ISO Zertifizierung smO (2990191)
19.4.2016;08:20:00;08:50:00;ISO Zertifizierung smO (2990191)
19.4.2016;08:50:00;14:00:00;S-B - intern (901106)
19.4.2016;14:00:00;15:00:00;Noch nicht zugeordnet
19.4.2016;15:00:00;16:00:00;S-B - intern (901106)
20.4.2016;08:00:00;08:30:00;S-B - intern (901106)
20.4.2016;08:30:00;09:15:00;S-B - intern (901106)
20.4.2016;09:15:00;09:30:00;ISO Zertifizierung smO (2990191)
20.4.2016;09:30:00;10:00:00;S-B - intern (901106),E - smartTT
20.4.2016;10:00:00;10:30:00;ISO Zertifizierung smO (2990191)
20.4.2016;10:30:00;11:15:00;E - MPM (2900041)
20.4.2016;12:15:00;12:30:00;ISO Zertifizierung SWO Netz (2910667)
20.4.2016;11:15:00;11:30:00;ISO Zertifizierung SWO Netz (2910667)
20.4.2016;12:30:00;13:20:00;ISO Zertifizierung smO (2990191)
20.4.2016;13:20:00;13:50:00;ISO Zertifizierung smO (2990191)
20.4.2016;13:50:00;14:20:00;S-B - smartTT2.0 (901106)
20.4.2016;14:20:00;14:35:00;ISO Zertifizierung smO (2990191)
20.4.2016;14:30:00;17:30:00;S-B - smartTT2.0 (901106)
21.4.2016;08:00:00;11:00:00;S-B - intern (901106)
21.4.2016;11:00:00;11:30:00;S-B - intern (901106)
21.4.2016;12:30:00;14:15:00;S-B - intern (901106)
21.4.2016;14:15:00;14:30:00;S-B - smartTT2.0 (901106)
21.4.2016;14:30:00;16:10:00;S-B - intern (901106)
22.4.2016;08:20:00;10:00:00;ISO Zertifizierung smO (2990191)
22.4.2016;10:00:00;11:30:00;S-B - intern (901106)
22.4.2016;12:30:00;13:45:00;S-B - intern (901106)
22.4.2016;13:45:00;14:30:00;S-B - smartTT2.0 (901106)
25.4.2016;08:10:00;08:45:00;S-B - intern (901106)
25.4.2016;08:45:00;09:30:00;ISO Zertifizierung smO (2990191)
25.4.2016;09:30:00;10:30:00;S-B - smartTT2.0 (901106)
25.4.2016;11:30:00;12:00:00;S-B - intern (901106)
25.4.2016;12:00:00;12:45:00;S-B - intern (901106)
25.4.2016;12:45:00;14:30:00;ISO Zertifizierung smO (2990191)
25.4.2016;14:45:00;15:00:00;S-B - intern (901106)
25.4.2016;10:30:00;11:30:00;S-B - intern (901106)
25.4.2016;15:00:00;16:20:00;ISO Zertifizierung smO (2990191)
25.4.2016;16:20:00;16:45:00;S-B - smartTT2.0 (901106)
26.4.2016;08:15:00;08:45:00;S-B - intern (901106)
26.4.2016;08:45:00;11:00:00;S-B - smartTT2.0 (901106)
26.4.2016;11:00:00;11:15:00;ISO Zertifizierung smO (2990191)
26.4.2016;11:15:00;11:45:00;S-B - smartTT2.0 (901106)
26.4.2016;11:45:00;12:30:00;S-B - smartTT2.0 (901106)
26.4.2016;12:30:00;13:15:00;S-B - intern (901106)
26.4.2016;13:45:00;15:50:00;S-B - smartTT2.0 (901106)
27.4.2016;08:15:00;08:30:00;S-B - intern (901106)
27.4.2016;08:30:00;09:15:00;ISO Zertifizierung smO (2990191)
27.4.2016;09:15:00;10:30:00;S-B - smartTT2.0 (901106)
27.4.2016;10:30:00;11:30:00;ISO Zertifizierung smO (2990191)
27.4.2016;12:30:00;13:00:00;ISO Zertifizierung smO (2990191)
27.4.2016;13:00:00;13:30:00;ISO Zertifizierung smO (2990191)
27.4.2016;13:30:00;14:15:00;ISO Zertifizierung smO (2990191)
27.4.2016;14:15:00;16:30:00;S-B - smartTT2.0 (901106)
28.4.2016;08:10:00;08:20:00;S-B - intern (901106)
28.4.2016;08:20:00;10:00:00;S-B - smartTT2.0 (901106)
28.4.2016;10:00:00;11:15:00;ISO Zertifizierung smO (2990191)
28.4.2016;11:15:00;12:15:00;ISO Zertifizierung smO (2990191)
28.4.2016;12:45:00;14:45:00;S-B - smartTT2.0 (901106)
28.4.2016;14:45:00;17:20:00;ISO Zertifizierung smO (2990191)
29.4.2016;07:45:00;08:00:00;S-B - intern (901106)
29.4.2016;09:30:00;10:00:00;ISO Zertifizierung smO (2990191)
29.4.2016;08:00:00;09:30:00;ISO Zertifizierung smO (2990191)
29.4.2016;10:00:00;11:00:00;ISO Zertifizierung smO (2990191)
29.4.2016;13:00:00;13:15:00;ISO Zertifizierung smO (2990191)
29.4.2016;11:00:00;11:30:00;S-B - smartTT2.0 (901106)
29.4.2016;12:30:00;13:00:00;S-B - smartTT2.0 (901106)
29.4.2016;13:15:00;15:15:00;ISO Zertifizierung smO (2990191)
5.4.2016;13:00:00;17:00:00;ISO Zertifizierung smO (2990191)
